user_id,stars,categories,date
PUFPaY9KxDAcGqfsorJp3Q,good,American,2012-08-01
Iu6AxdBYGR4A0wspR9BYHA,good,American,2014-02-13
auESFwWvW42h6alXgFxAXQ,good,American,2015-10-31
qiczib2fO_1VBG8IoCGvVg,good,American,2015-12-26
qEE5EvV-f-s7yHC0Z4ydJQ,bad,American,2016-04-08
jBoH6qKGO7wdYyg_YjBcQA,bad,American,2016-04-10
bWrodc7hN_T4q2r-rolrOA,good,American,2016-05-11
LWbYpcangjBMm4KPxZGOKg,good,American,2012-12-01
m1FpV3EAeggaAdfPx0hBRQ,good,American,2013-03-15
8fApIAMHn2MZJFUiCQto5Q,good,American,2013-03-30
uK8tzraOp4M5u3uYrqIBXg,good,American,2013-10-20
6wvlM5L4_EroGXbnb_92xQ,good,American,2013-11-07
345nDw0oC-jOcglqxmzweQ,good,American,2014-03-22
u9ULAsnYTdYH65Haj5LMSw,good,American,2014-09-29
pdHC0oAcG7gNdhuFRAUu0Q,good,American,2014-09-29
tAKjY3bQXH51msJbOHYPmQ,good,American,2014-11-03
Kq8-FUG7d_MT2qRNiNBJnA,good,American,2014-12-18
a0ULPTNi05w-BNVovVUz2w,good,American,2015-03-06
-ke0O45_B6STtEqd5s_ANw,good,American,2015-03-08
FoFdGS2TjVUUXptBS_gdNQ,good,American,2015-03-16
XN5PALUxEOxgUrhaXXAJzA,good,American,2015-05-27
E5O8wsWiGLqoOVBmG84wcw,good,American,2015-07-02
k0a-uii8yr__Rl-9ipl_RA,good,American,2015-11-06
LQUy7D5Bzb2WutEXhVg2Tw,good,American,2015-12-04
rtKuu--pSi1fkUekrVSVAg,good,American,2015-12-15
qiczib2fO_1VBG8IoCGvVg,good,American,2015-12-16
fRMPvlxxMaEAHrQu5fP2cw,good,American,2016-01-21
5OumCBQ_MyQsltSdbMyunA,good,American,2016-02-22
09jLk1V4_0Cg9FJc97luHQ,good,American,2016-03-13
hAT1Y7gf71TPJ6S-hRTO8Q,good,American,2016-04-07
j9wgdbO7uToEr7Yb4MwnOw,good,American,2016-05-08
j9wgdbO7uToEr7Yb4MwnOw,good,American,2016-07-08
ay9H1RpjbBkaiXGxfh7LaA,good,American,2010-10-11
JbWnXwjLaO1kncUkQOMajg,good,American,2011-02-27
4-3IU5uUH90m21TWbZhhnA,good,American,2011-08-15
bcwr1bFov3PSa1FiGfpc9g,good,American,2011-12-22
Sjb5e5-gKoLXueFDMc2R8Q,good,American,2013-04-25
tnArVArlj5usJLZbq9ydbQ,good,American,2013-04-29
W_NfPGdpM0286WBDNSvY5g,good,American,2013-09-17
h-A_xNeB_xSbc0psqHyoJg,good,American,2014-02-16
GcBAIs4pzeK6OzHpawgZlg,bad,American,2014-03-13
udy8pMNA09YDs98e51wXZQ,good,American,2014-08-08
4DsJFa1QMd3NrIcxz0xNHw,good,American,2015-01-30
t6OkrXgpcAZfJa2om9QO4A,good,American,2015-07-02
QawZN4PSW7ng_9SP7pjsVQ,good,American,2015-07-15
NCauclFtEoBCroQvdwYz4g,good,American,2015-08-16
NaTnrURv9lKSk53FjGS7Cg,good,American,2015-11-11
2rSeth60_CuWN3ZJ4k41lg,good,American,2016-01-14
iFrkTlJfoLvJucPkq9y8UA,good,American,2016-02-16
8K8qHAH9AREKxIIZAwQ9Fg,good,American,2016-02-18
S20zRS16LfpNfiZTNVjpNA,good,American,2016-06-05
T_wjLgPOPXry7Bea4MzoVQ,good,Breakfast & Brunch,2009-12-10
LaPatM6c289ClpysmzZpdQ,good,Breakfast & Brunch,2010-01-03
vGI3dbg5zFRXBg4eVVmGSg,good,Breakfast & Brunch,2010-11-06
9MmWbiE7txW_OplDAnoaqA,bad,Breakfast & Brunch,2011-11-21
q7MrNVt1FE23rwtWmPYWHg,good,Breakfast & Brunch,2012-05-30
7KoVg5QMjYu8taLFSE7hNA,good,Breakfast & Brunch,2014-09-18
Nhvkukz5MECqEUQVfh6A6w,good,Breakfast & Brunch,2015-01-26
284ZoU1QyY1y-_j0YYJH3g,good,Breakfast & Brunch,2016-04-28
tAKjY3bQXH51msJbOHYPmQ,bad,American,2013-09-01
xeh9C_a-R5CHmYmq1GaguQ,bad,American,2014-03-15
aOHQ9MlorpvL71Y6qC9v2A,good,American,2014-03-21
gi_1bkKWbipVsGigjPKs0Q,good,American,2014-06-08
c67-0jrGj8tcW7M7TzqsqQ,good,American,2014-07-24
L_aMQmKqw5TTcWRYGI2CAQ,good,American,2015-01-06
bWaJUPa1E1yzJnNAgCEfog,good,American,2015-03-06
_wbuJtXPZGT6U1Qg5hV4VQ,good,American,2015-12-19
K_V40mv1gfOzaDbA1mgXBw,good,American,2016-02-13
vKLJFXIHV7CTMGP-Y5ifSg,good,American,2016-02-27
PrMlXX6fbMsJie9ausN41g,good,American,2007-03-31
FNbm3ycU2BF8C17UFfWzOg,good,American,2007-08-02
EtSjuNdguCE9AcmCOVYqxw,good,American,2008-04-12
l-KVyeKBFWpAttOKBcM07A,good,American,2008-12-03
gl46Pxc4OzLai8JVyxUIwA,good,American,2009-04-07
tgKy3r3vI7xMO8ZPh86M3Q,good,American,2009-08-20
Yv0JrZLmUWBmsWwaxuRQtg,good,American,2010-03-07
ei4yFnLZMJkxm49KC5Jtww,good,American,2010-06-28
9cCTmiJ7hz35rHIdr8n9kA,good,American,2011-01-05
wObdaxA0z-qaU2GzsfCVMQ,good,American,2011-02-06
ob2NmltzrzoNBRDfJqitlg,good,American,2011-02-06
bcwr1bFov3PSa1FiGfpc9g,good,American,2011-07-05
AY-W59xCVPDaCaOKJOQUhw,good,American,2011-11-15
q7MrNVt1FE23rwtWmPYWHg,good,American,2011-12-05
gcjQt9J7TdnMhZGwDHuXcA,good,American,2012-02-12
irPsx5KWCwVX44AlSltXXA,good,American,2012-02-19
1giup8Tfm44sYcFoN3PmwQ,good,American,2012-04-05
9Ify25DK87s5_u2EhK0_Rg,good,American,2012-04-07
GwcBPWbgjegIxXViOdSuVg,good,American,2012-06-25
Nhvkukz5MECqEUQVfh6A6w,good,American,2012-07-15
fFXsUH9uLapH_BopOIBKHA,good,American,2012-07-29
t9CzImjIZdk_87FLQHNHQA,good,American,2012-08-01
1VMTfE5MlQyDIRGWDSNsvA,good,American,2013-02-21
rGuk1S7MIU8M9ZE2mulVsg,good,American,2013-03-16
ElHMvz-1_xfOl_noq_2Utg,good,American,2013-04-08
GYSqprhDteK52ILOBaFCIQ,good,American,2013-04-13
Dg9xy4ZbsteCBUL_sjaNKA,good,American,2013-09-25
PShxCNSE1_YmNDJOFzyTRA,good,American,2013-10-06
HzB5eZLSabmOUDc3ItgIcQ,good,American,2013-10-12
f6sXlAT1R6F5NMIAeUHpXQ,good,American,2013-10-31
JAe6HSt7J4OtkcFWYJNURA,good,American,2014-05-04
CiCmxCruMvbXtjQP5FhbLg,good,American,2014-09-05
1Hx--oyAcojSfqQYERNkig,good,American,2014-09-30
Ph98HBXWUBA9bf-PtGJniw,good,American,2014-12-14
ssd4Ac6OoABXZIai_N5Odw,good,American,2014-12-28
kAFccaTcFR9va9uigTHCNg,good,American,2015-02-07
lZpv9uSDKgyUxk1VPwyzDg,good,American,2015-02-08
3JCJYpQpNDC6lmA7JFFIbw,good,American,2015-02-14
rEO8KGhyUaSi-QvjEc-qrw,good,American,2015-03-01
QsvkvwBp38EOCvhsmjI6hQ,good,American,2015-03-07
R5YLgCXI7DwR373uqy9AlQ,good,American,2015-03-25
S5oBX7uhY4wYyDjvka4cWg,bad,American,2015-04-18
AkafGBdQ0DjZq6YQd7na0w,good,American,2015-05-14
BhSCNNQ1qtrzEIV4gZD8Vw,good,American,2015-07-09
GYNfjDbSlpdRK2qC8RqatA,good,American,2015-07-13
mufnID67U_yWzgCshRzr1g,good,American,2015-07-16
0KhAbVAxYjeCskIcX2KfWw,good,American,2015-10-12
WzaaorVCmUTQvu4mScunNg,good,American,2015-11-09
iW3KcKqzsU5DLaOPEqiuIA,good,American,2015-11-11
fb_I24J7hvBPvdM3ENQx5A,good,American,2015-11-20
aOHQ9MlorpvL71Y6qC9v2A,good,American,2015-12-15
MI6q0AM8lGf3uplhE5EGtg,good,American,2015-12-22
viApiTs_Zp4Cjm3jjg7HYQ,good,American,2016-01-25
eTDSU7uZ9YktYZ8FzhSbuQ,good,American,2016-01-31
Ei7ootM9QUDHeB1OJIkfIw,bad,American,2016-02-17
WjjCWkbw0bw3ZjrEwmQsLQ,good,American,2016-02-17
Ft4NZwOB9xQJkRwuvsDO-A,bad,American,2016-02-19
9HCfCmd0t5GErgm7He6AeQ,good,American,2016-02-21
jW38xpayJghah5L8i9FOww,good,American,2016-03-24
yB0v8l4NMWJDeaq2h2mgUg,bad,American,2016-03-25
PflrOJmNlZhY4LTxaOGbEw,good,American,2016-04-24
AaXxndU7QoMwU9NptjMhSg,bad,American,2016-06-05
xr3YPIcYkGHZZ1lSnJpDKQ,bad,American,2016-06-11
oM6CtEG2tK-4-nPVpimiFg,good,American,2016-07-16
80YoAmJsI_3FesVaPSZjpA,good,American,2009-06-18
wObdaxA0z-qaU2GzsfCVMQ,good,American,2011-02-06
LwEfyIPU8woMqZsKqrf7NA,good,American,2011-03-14
2MRE7On5kQ2sKxWfYKOi8w,bad,American,2011-05-07
heoc96QXrTbecWVw933qhQ,good,American,2011-08-20
33nygg8QJA9FRRn7YsAWtQ,bad,American,2012-04-04
neBCZl1X_pDl11y7nVYFoQ,bad,American,2012-05-07
jc6LD2wn5YrW3BUcxuX50w,bad,Italian,2011-09-01
PRTVZdLWYmhozxkplGA9qQ,good,Italian,2012-04-01
V1oOVqCOc3RRSUvcrEQgVA,good,Italian,2012-08-26
fTg6Rz2Rs1LLYN_U7TJbcQ,bad,Italian,2013-06-10
YKDw2WGj-MQjz7eRsb5FHg,good,Chinese,2010-06-04
_CtkjL-e6O_lMShkN6HuSA,bad,Chinese,2011-01-12
0kRiaCs6damnnCpjPNOqRw,good,Chinese,2011-11-05
RJgfj-6Uq-lyiPJJcyCVlQ,bad,Chinese,2013-03-29
fTg6Rz2Rs1LLYN_U7TJbcQ,bad,Chinese,2013-06-10
YxSD5yuMozdW1-yXKgkvvg,good,Chinese,2014-05-19
9OZH1Ecw-qUkCW5MS0NefA,good,Chinese,2014-08-04
-g9mbTmnzyFB5WWlQz75Lw,bad,Chinese,2015-06-08
PaSqbrWmgroWfxP7ebEkPw,bad,Chinese,2016-02-20
CiCmxCruMvbXtjQP5FhbLg,good,Breakfast & Brunch,2014-06-20
bbYn77XD_aAeFL-lwV7GBA,good,Breakfast & Brunch,2014-07-29
UxfFAw2-cTpeWvRROF1HEw,good,Breakfast & Brunch,2014-09-02
3eystYBQINAG1tlRBk215A,good,Breakfast & Brunch,2014-09-25
aCl_PJn2uHT2i-daGEszBw,good,Breakfast & Brunch,2015-05-07
Dmvqb5TVcfHq8TMW20zJww,good,Breakfast & Brunch,2015-06-16
SOl-_nATymJq6r0-NL7LgQ,good,Breakfast & Brunch,2015-06-29
CFh9jAl5_DUSgNBA5bP5RQ,good,Breakfast & Brunch,2015-08-23
vy2cfH6muKKux05a5pvnqg,good,Breakfast & Brunch,2015-10-25
hRbOBFBWCs-z7lu4HhIm5g,good,Breakfast & Brunch,2016-05-12
kAFccaTcFR9va9uigTHCNg,bad,Breakfast & Brunch,2016-06-11
4d6gHTch3Mytp02o-tzV9Q,good,Italian,2007-08-14
-kep1OMASW13zZxbrRmXag,good,Italian,2008-01-13
GFLvPozOh5m_n1MYGdHpFQ,good,Italian,2009-08-15
_S8zEPxR0DRxIJ6YjoObfA,good,Italian,2010-02-17
cqox9oe5IAS9tR7iYhtX7Q,good,Italian,2010-02-18
072tu2_MFWmw-jb1O6DQYg,good,Italian,2010-03-13
MinNxg1k6s9xpZKRw41NnA,good,Italian,2010-07-21
UCOssThZufcqehMMe6OA0g,good,Italian,2011-01-13
2cvC1yfkqbOKUgoQTxfzfg,good,Italian,2011-02-21
9cCTmiJ7hz35rHIdr8n9kA,good,Italian,2011-03-13
Lbdzh6Qn5S1O5ENrr7n2wA,bad,Italian,2011-03-14
9cCTmiJ7hz35rHIdr8n9kA,good,Italian,2011-04-09
UXQzUyOnihbH0K_yCpK1zA,good,Italian,2011-07-17
9cCTmiJ7hz35rHIdr8n9kA,good,Italian,2011-10-17
k-a1aAKB0f6w5sHDDEO4IA,bad,Italian,2012-01-02
tx4XvjDlactzL7SlNnR9XQ,good,Italian,2012-01-02
rS5-P1HVtZMyIQ_f1Es0uA,good,Italian,2012-03-18
PRTVZdLWYmhozxkplGA9qQ,good,Italian,2012-04-01
nEYPahVwXGD2Pjvgkm7QqQ,bad,Italian,2012-08-02
tCNt0WFUwqNC997W7kk3Ew,good,Italian,2012-08-12
3_MuuYvWx7h5GgfCtfrZiA,bad,Italian,2012-08-14
FB8T3L1w2s88qjdvX6upGQ,bad,Italian,2012-08-21
f9LuLzqLMNJJoV3zmu6dBA,good,Italian,2012-09-17
r_96n9O0jNzbNCZDkSB0EQ,bad,Italian,2013-03-09
2DHpTXHN5niohBH9oAUHKg,bad,Italian,2013-03-12
8xckX9C5cojQaT32P927iA,good,Italian,2013-05-26
0LzlRSXLhEsVSWFEvW_5yg,good,Italian,2013-07-11
D-tr1j_30GwKSB3e_WOYCg,good,Italian,2013-09-29
xb6zEQCw9I-Gl0g06e1KsQ,good,Italian,2013-12-03
0fHA8u20wh1z1u0ANsiBLA,bad,Italian,2013-12-26
cM9e72mfMtKKRmCnS1VGCA,good,Italian,2014-02-02
dKZYPAw7K64Cqbvys4T50A,good,Italian,2014-02-24
zJzMAZtNiEOuC2wgDOmm7Q,good,Italian,2014-03-03
05ehdct-bF7YLTZTZvB5rA,good,Italian,2014-05-19
Pe4QxbvKhLFHWiypevdmQg,good,Italian,2014-07-05
rOJCi7LEiOlxbhHu5BjIhQ,good,Italian,2014-07-29
KZVgUYGt4eww_GwJ2F0MrQ,bad,Italian,2014-08-03
O61gWYtGlj1ZN7bmZR5slQ,good,Italian,2014-09-17
k-TbSrTfjDO1Hj-eh4Bqmw,good,Italian,2014-09-30
GFLvPozOh5m_n1MYGdHpFQ,bad,Italian,2014-10-06
bmy45XLtOomcc_EvC-lXRQ,bad,Italian,2014-11-21
wW6WVbMCUz67rkp5QEUCmA,bad,Italian,2014-11-28
de1ezdAIndz2IhdhOdaUVw,bad,Italian,2014-12-15
VztueYW-kYYPtz_Rxn8Zvw,bad,Italian,2014-12-19
kRm_weZiIXfG3TRmCaRVuw,good,Italian,2014-12-29
K85xG36wWOpR57ZgJqc5yg,good,Italian,2015-01-18
3JCJYpQpNDC6lmA7JFFIbw,bad,Italian,2015-02-07
xMB0XrFRuQr6mJtNzz_a8Q,good,Italian,2015-02-24
2Az24juAhTJtmlqr5UWXSQ,good,Italian,2015-03-02
_OZjJ-QCY0XEQqce7Pn8bQ,good,Italian,2015-03-06
-mkeftjZkAAmAegAlgZY_Q,good,Italian,2015-03-13
R_uUXIz6xZpKNlg0-op_PQ,bad,Italian,2015-03-15
GcBAIs4pzeK6OzHpawgZlg,bad,Italian,2015-05-11
Rpq_EBfyJet6qNQp-LgIsQ,good,Italian,2015-05-30
4-S8aXcF_CPC1vKxylZFZg,good,Italian,2015-06-18
kq4n1fhBQe-Q5SIhHRbeAQ,good,Italian,2015-07-02
EcbIKRBoLvk4Ek8ro1HbfA,good,Italian,2015-07-03
HhHb3MD6A36UFDfvhpGy4w,good,Italian,2015-07-08
GMWDSV6_MzQQv39K9f2aXQ,bad,Italian,2015-07-12
kWkgwRxqWD-h260dMTkHUA,good,Italian,2015-08-01
0xEoFR2XXPKFAOMw0AcoZg,good,Italian,2015-08-20
Goc0_M_Y4ZYyNzenqfjTMw,bad,Italian,2015-12-04
6THF1ChuzvAC0_sFXrYJTg,bad,Italian,2016-01-01
F8vQiZCBp-ivcvQnynaNkA,good,Italian,2016-01-02
85GJq0VD8lIPFVNKjxP2iA,bad,Italian,2016-01-10
N03QHIGU6qajhQmQgQXGew,bad,Italian,2016-02-06
AvtMn8MRC9C_72FvkgvwaQ,good,Italian,2016-02-28
24VCi4fDt9cyn9NVLuq6MQ,good,Italian,2016-03-13
9Vt-WropXlpUIaSKeo5jkQ,good,Italian,2016-03-22
iJA02NtyyUSF-aQEmpt2zA,good,Italian,2016-04-26
ef03GSj9wTHQWHoszlzehg,good,Italian,2016-04-28
2yDqKKQL-RJmPzKFAFulVA,good,Italian,2016-05-14
78zOBUbMM0bAXi8TBL4Yew,good,Italian,2016-05-22
tDZLuv2IGOZTJVwoIpdImQ,good,Italian,2016-06-02
2yDqKKQL-RJmPzKFAFulVA,bad,Italian,2016-06-02
Hkn625nfsEgl0pAMkAcmQQ,good,Italian,2016-06-10
hUJP8K43SbF8kvDwJS8kWQ,good,Italian,2016-06-18
5WkFWx2EldfiftwGC_NXzw,bad,Italian,2016-06-27
QhlwtnBGfhsJWaQUi37MMQ,good,Italian,2016-07-15
2KprdTqEYEzNDJo_2GOB1Q,bad,Italian,2015-05-04
w16jpVr-b-0gd6YHwnIarg,good,Italian,2015-06-08
g5KErw83-ik9GjD_BFiTjw,bad,Italian,2016-04-07
kSximKjq5OprHfYCza3FNQ,bad,Italian,2016-05-18
y9qnN2hUtzXUfNXeWh2GwA,bad,American,2013-09-28
5iYis_-EF5RDfjo9yPsoFw,bad,American,2013-12-04
8GccAq9PTpIWlp0gnCHoRQ,bad,American,2014-10-05
4DrkZqFqLcyRcLWuQUXFeQ,bad,American,2015-03-23
Cl42lTPO3mcdNecMCy7-Sg,bad,American,2015-05-26
1YMtI8E4WKh5eE1ZYRQaSw,good,American,2016-01-05
1kED-QqEAVuIwgEGjOgETA,good,American,2016-01-17
hMbI4Rmee--bMbu-JNbsEw,bad,American,2016-03-12
U81oP7atP4QvSmrW4f7gwg,bad,American,2016-03-27
nD5o0ctwcvItgDVnUyZ27Q,bad,American,2016-04-17
7DeM4C66zVflYNrZn_Vv9g,good,Coffee & Tea,2009-06-10
WMTm9HHRA3EewoxTX1Gleg,good,Coffee & Tea,2009-06-24
T_wjLgPOPXry7Bea4MzoVQ,good,Coffee & Tea,2009-11-10
vjcjHR3G_Vu-Ruo5JcLtWA,bad,Coffee & Tea,2009-11-10
bvu13GyOUwhEjPum2xjiqQ,bad,Coffee & Tea,2011-05-12
xTzu_aNCPiie5Vj11cAxyQ,good,Coffee & Tea,2012-03-04
bSkco4ZdB7REFtDsJUVrDA,good,Coffee & Tea,2012-05-24
nEYPahVwXGD2Pjvgkm7QqQ,good,Coffee & Tea,2013-01-27
-xPKyCJiK9q1OFZ7GCZwBw,good,Coffee & Tea,2013-06-26
Q3fFv_ft17OyV-NRF1iQxw,good,Coffee & Tea,2013-08-23
o9XGClSBzCsQxbcCzTPdnQ,good,Coffee & Tea,2014-01-06
6Mflt7fworNLu031TDrDSA,bad,Coffee & Tea,2014-02-11
FKosz9ExVLhsrITQk5xl4g,good,Coffee & Tea,2014-02-20
RSExP0-Boucr4QyIEzZi0A,bad,Coffee & Tea,2014-02-21
1NqTU6vbr6xdI1hDUlJ_dA,good,Coffee & Tea,2014-08-21
JPPhyFE-UE453zA6K0TVgw,good,Coffee & Tea,2014-11-22
e7lJwGbdJsrFziQoXKNJ6w,bad,Coffee & Tea,2015-06-28
W5mmO5HIk-qc0GzH6yhyyw,good,Coffee & Tea,2015-11-23
9HCfCmd0t5GErgm7He6AeQ,good,Coffee & Tea,2015-12-08
rONxiM8Hafy5kba3ZLoCbA,bad,Coffee & Tea,2016-05-15
gfagwUKzS9bL89oUv32ecw,good,Coffee & Tea,2016-05-15
SLierwYJc62TIZG-CCokSg,good,Coffee & Tea,2016-07-11
_vS9qNQvx8wVUOIkj4qfAg,good,American,2011-03-28
jLOSvOEy5o8Ig-Qz7n674A,bad,American,2015-10-20
E_y4NmvFxh-covBSqDj3mg,good,American,2015-12-08
-V4cUmLyjk6Cv3hS0jw3hw,good,American,2009-01-04
WMTm9HHRA3EewoxTX1Gleg,good,American,2009-06-24
b6xBiEt5iQ_HZ41Qh_ZNIA,good,American,2010-06-01
YTHnhkhUY9m83m915xsjJg,bad,American,2010-06-02
nCi-BpCo_4iNFPb4QWUL6w,bad,American,2010-12-19
PwANTxC5mSWGVeSvU1zbYg,good,American,2011-01-06
Enzdhh-rV5JgC4lgg0IdFw,bad,American,2011-03-05
cF2CgY-_zNTBtQpaP_CeVw,bad,American,2011-05-26
9cCTmiJ7hz35rHIdr8n9kA,bad,American,2011-06-06
B5WkNWDxZ-baWoQc6DBNHA,good,American,2011-10-21
M88CCGSukC27xGwRlXEYbQ,bad,American,2011-12-20
Ho81ttYVMgJBo7iFC4ms3Q,bad,American,2011-12-29
CVHIy3cgxPIPy1Pja5uucA,bad,American,2012-03-06
uPp_2Ni_-I5jwzfu182Xpw,bad,American,2012-03-13
7JDMwDRjhGFEpsL_vqKyRQ,bad,American,2012-04-03
aAfpB9jz5dr4S2HLXpYWDA,bad,American,2012-07-19
igSbsyeE2C0_17dFt_y_dQ,good,American,2012-08-09
-OUKIatcSXuF-40IHcarwA,good,American,2012-08-20
EMkRwX30qwweJueShN_D2w,bad,American,2012-10-07
x1Sc-S5HgZKhlb32yUudVA,bad,American,2013-01-25
XbSiZYwYssx92cGJQV2STw,bad,American,2013-04-03
UD7Y1CqfY6mDmRwIuCf6nA,bad,American,2013-05-14
uNQpJ7tmHxvlwe-2VOVGVw,bad,American,2013-05-19
ltUtdCO_VuaB_LrPsYWigg,bad,American,2013-06-17
y9qnN2hUtzXUfNXeWh2GwA,bad,American,2013-06-28
Q3fFv_ft17OyV-NRF1iQxw,good,American,2014-01-15
9b6REasjDBQAYDpXcKQ2NQ,bad,American,2014-05-03
IhMklaOEnKAuonG-mG8Ocw,bad,American,2014-05-13
YhT-EwajidHmw71DgRtdYA,bad,American,2014-06-04
4DrkZqFqLcyRcLWuQUXFeQ,bad,American,2014-07-11
ApznhoFndCTsWsbmXEqDuA,bad,American,2014-07-29
JAU8sjjfuZkvVNUJST16RQ,bad,American,2014-08-09
XarzTeuXA5Q-Fm3A5QKpoQ,bad,American,2014-08-28
jThUkO26of_9arLY5zUszg,good,American,2014-10-15
lARSkAyvPCBOl67dZKMYwQ,bad,American,2014-11-23
6QhWTugzBJ3cdv2N4WZcSA,bad,American,2015-01-11
nYKao-8w_IOj4Mv8QWb2vg,good,American,2015-03-14
KSS6v5fcZNoelu4eEZCFcw,bad,American,2015-04-04
q2ccFmRoK0lkkRPosgKFFg,good,American,2015-04-28
840kk_3SllERwrjcfk87sw,good,American,2015-05-16
dA9Req-YGl_1icoJN9OlKQ,bad,American,2015-06-18
KsPJL0F0o-ZE7Tk5kxORnQ,bad,American,2015-07-16
R4Z9gsIYkRqzFmYvGFMyPQ,bad,American,2015-07-21
XSDmg3kZfKBJvwRe9GHW7w,bad,American,2015-12-13
NorNYrCESas_guipKZd2bA,bad,American,2016-01-02
er16Be8CFL4DWjRX84lxyw,bad,American,2016-01-07
WzaaorVCmUTQvu4mScunNg,bad,American,2016-02-04
4PNVWMPfC1PMzyoYfjrcHw,bad,American,2016-02-13
And74LzjUDX4ssXHAqRVpA,good,American,2016-02-17
WzEm2RV9E639H4ymeIWcyA,bad,American,2016-02-25
rY_iRQkpRLd1dTEYcAQsaA,bad,American,2016-03-19
zAFP4JJ8Vy_LO70I-DGWzw,bad,American,2016-03-22
hFm4g3cyNvGFcj0eHjMJnA,bad,American,2016-07-09
5iYis_-EF5RDfjo9yPsoFw,bad,American,2016-07-16
nCi-BpCo_4iNFPb4QWUL6w,good,American,2010-04-15
tPUGLlDZLF7HrOC46NqTOA,good,American,2010-04-16
_vS9qNQvx8wVUOIkj4qfAg,good,American,2011-03-20
oYScNHEY4tpdZv73Rb1JwQ,good,American,2011-08-27
FixW3C_F5FXggMLZIZMOag,good,American,2011-09-03
neBCZl1X_pDl11y7nVYFoQ,good,American,2012-01-21
FSSkTatYo-y8se7neCfJUA,good,American,2012-02-09
qeNsxc0SRZ81tJ6FI9gR8Q,bad,American,2012-08-04
J_q8jN623uew8ZzMChXBCA,bad,American,2013-05-20
I_47G-R2_egp7ME5u_ltew,bad,American,2013-07-02
op2Gve4sAMQ4qEzq2Tad0g,good,American,2013-09-15
P2g9lmWLF1k4i15vZM0vfQ,good,American,2014-01-07
XeiKNx2LOdHWGILzgaybnA,bad,American,2014-03-20
JPPhyFE-UE453zA6K0TVgw,good,American,2014-09-13
Xez2YmtfrixCNZe2CagFRw,good,American,2015-01-05
I_47G-R2_egp7ME5u_ltew,good,American,2015-02-07
O8D8syvoblnAu_HStkm-lw,good,American,2015-03-08
4DrkZqFqLcyRcLWuQUXFeQ,good,American,2015-03-21
2BYGvFAgV87LgIk4EqLtwg,good,American,2015-04-06
WXSg_yg7dRuHUrtJnL-cow,good,American,2015-04-24
HZgZrofpetmiBXMsRupMHw,good,American,2015-05-07
PSbFVAJMrG0fvTv-Q9GI6w,good,American,2015-07-10
LPU8UwGVoTanjSOgKoYQ4Q,good,American,2015-08-10
JHuDG3Zphe0GZU11OxgXdQ,good,American,2015-09-14
KSS6v5fcZNoelu4eEZCFcw,good,American,2015-11-23
hCfRm-W1tNqYb_Zscq5XoQ,good,American,2015-12-13
tDZLuv2IGOZTJVwoIpdImQ,good,American,2016-01-08
g5r6AqCOgt3Lnl_RSqUj7w,good,American,2016-02-21
pl78RcFgklDns8atQegwVA,good,American,2016-02-24
UIKLhVCsKWYLuJIvfoboCw,good,American,2016-03-05
SYPXQVAVhtUBtssI_R5-4g,good,American,2016-04-18
Xd3zFGbmlSharfS528XDEA,bad,American,2016-04-23
58tIKe_fr4uEBSQ5ZX6dHQ,good,American,2016-07-16
rjsx6_pSqwl0zuiwa_tI2g,good,American,2007-11-20
9fqpNMXpJZzHchhzx-Vwtw,bad,American,2008-01-27
7uxXuCcpw9-mUS3OJVw8aQ,good,American,2009-05-24
KnLObhXcuk90MImbp5RCpQ,bad,American,2009-06-18
WMTm9HHRA3EewoxTX1Gleg,good,American,2009-06-24
bvu13GyOUwhEjPum2xjiqQ,bad,American,2010-11-27
_vS9qNQvx8wVUOIkj4qfAg,good,American,2010-11-28
aROP9D7ev2JMQTBWit-kYg,bad,American,2011-05-13
FSZaOuAQL9eBz1a61d0B2Q,good,American,2011-07-13
7R79mN6iJNU6o0CI1aBesA,good,American,2011-07-16
Nhvkukz5MECqEUQVfh6A6w,good,American,2011-10-02
Enzdhh-rV5JgC4lgg0IdFw,bad,American,2012-01-21
bSkco4ZdB7REFtDsJUVrDA,good,American,2012-03-02
oOUpBcRmerN5Eb6AkGp2wA,good,American,2012-04-16
LwEfyIPU8woMqZsKqrf7NA,bad,American,2012-04-23
-OUKIatcSXuF-40IHcarwA,good,American,2012-08-22
NkwnzWL-2xarGzJqdZt8Kg,good,American,2012-08-24
Mzd8g_A1pE8okijGPmwkUw,good,American,2012-09-29
UD7Y1CqfY6mDmRwIuCf6nA,good,American,2012-10-22
L2ne7hSJDy0U6sBD8wVaQA,good,American,2013-03-10
X9PkJksjTibFgC69cu0_hw,bad,American,2013-03-15
SLFFql08ndgemixpHfKhcw,bad,American,2013-03-30
2VqU7uoDeiE8OUL14Ce5Ig,bad,American,2013-04-09
ytgLwKzD6B4af5vW56RpJg,good,American,2013-04-23
C3FWs14bTLo8Y-THOGIUtw,good,American,2013-05-11
-xPKyCJiK9q1OFZ7GCZwBw,good,American,2013-07-01
AVrY4uj14hOBI9yh3iE1KQ,good,American,2013-07-03
Fc9bIArpenZkJH4fFc4EEg,good,American,2013-07-07
1yesvpTW_EGykpHK0W8ayA,bad,American,2013-07-14
-Yg14AIbCHsuohf6zqVvQw,bad,American,2013-12-29
W9ZG5q-QIblXYeHgaPS5Uw,bad,American,2014-01-17
WzaaorVCmUTQvu4mScunNg,good,American,2014-03-27
Q3F_FZ8pbdRNoSv0X1Y7sA,good,American,2014-04-15
C3FWs14bTLo8Y-THOGIUtw,good,American,2014-04-27
Nf0SSRgStO8scYoPSNVqag,good,American,2014-05-24
ZNtgliTM7BjSabTfNUKL9A,good,American,2014-06-17
Qs5dcst13DnQJwaBcR4VGg,good,American,2014-07-08
fIKcxbs1u5oK74F-KgqGag,bad,American,2014-07-27
dMhJLpwpGSHkhMY4oxe7QA,good,American,2014-08-17
jThUkO26of_9arLY5zUszg,bad,American,2014-09-18
Yw2GgwVircnuBGYKOofXag,bad,American,2014-10-05
7sM0J8FuZvD5uhf4HceS3A,bad,American,2014-10-20
RSExP0-Boucr4QyIEzZi0A,good,American,2014-12-04
hscskgnpQmmNfNl9iZA7hw,good,American,2014-12-15
QLiWMRXvgqws9QtS68tXJA,bad,American,2014-12-30
y1CH5i_Qr9t5nrUuAKjZog,bad,American,2015-01-17
ThOfb86f_5PW0bB1NHGMgA,bad,American,2015-01-18
R4crU2OjJ7-qAymiHO2Ucw,good,American,2015-01-25
FAtk38wdEbNgM6rSmP-zew,bad,American,2015-02-16
Qs5dcst13DnQJwaBcR4VGg,good,American,2015-02-20
Z3pEOLUrG17cntPCFzruPg,bad,American,2015-02-24
syxgE5fb-pAoNlp7V9Jw2g,bad,American,2015-02-28
RWSBzkqH2-lsQDH8gVBuEw,bad,American,2015-03-02
4DrkZqFqLcyRcLWuQUXFeQ,bad,American,2015-03-23
NSkLw-cg_v7YBVEwVsYj4Q,good,American,2015-04-14
q2ccFmRoK0lkkRPosgKFFg,good,American,2015-04-28
oWCKCE9Qc6SPSyvb18D2DA,good,American,2015-05-03
NK3JWcCpxaKtb9-7R8g5jw,good,American,2015-06-10
PLGEWHqOIOrFsgfdG6ueUg,good,American,2015-06-13
9mWJQbP8zNm-rT1MBhwLHQ,good,American,2015-06-16
QDdwYP1uqPzI5z3NO5LXog,bad,American,2015-06-17
VRB9nzZnYWB6WETk_QfIEQ,bad,American,2015-07-27
jnEZvZlVIPEKzGwYaXvCLg,good,American,2015-08-05
w8kdE0wygvOWKU74wuQPBw,bad,American,2015-08-18
TBOOaVf015v-HOFTXatjeg,good,American,2015-09-12
X_nHaeK9P1CX7Hvd0l4-tA,good,American,2015-09-24
RjSqoohsdPuKqZQ9RnG2Fg,bad,American,2015-10-16
SxOjm8u40Vf_v52UJyqw4g,bad,American,2015-10-24
Cxwo1HjHSGEC89KjY9nKYg,bad,American,2015-11-06
qBxJqZGBLrB9hC7HLGIK4g,bad,American,2015-11-14
r4wiR0dlTX5gCEZOolu3-w,bad,American,2015-11-27
_obCt0q4LXZ-oGIPD5aKZA,good,American,2015-12-06
Usvqq4KaVfyu3pkktktG7A,bad,American,2015-12-28
GagHR9g-1RLkHu5PXzf3Tg,bad,American,2015-12-31
NH8aEIKCSO_xtp54zrMoTg,bad,American,2016-01-06
dUgfQteCEA9DlEYZEnXuGQ,bad,American,2016-01-29
NZ9iylhCjHEh1DDzt0kw2Q,bad,American,2016-02-01
ttHOmU321U5xXpgiDFil4w,bad,American,2016-02-06
rY_iRQkpRLd1dTEYcAQsaA,good,American,2016-02-15
1SElhDugQKxnKh5-JDzSNA,bad,American,2016-02-29
96Nbis96pknb6T05nKr-0Q,bad,American,2016-03-05
U3VIAqv7eaCCorYsVCRCHA,good,American,2016-03-06
KhgDNWoT2ZlWAFSljFbwgA,bad,American,2016-03-26
WVv8CbcxJUYjxlzazLs6RA,bad,American,2016-03-26
z51Tevp2Br8gjOAgL47FeQ,good,American,2016-03-28
DXnFLwB3wetH3uAV1zaDrg,good,American,2016-03-29
UNRFBwGMqwkkxAtS-4g19Q,bad,American,2016-04-10
KTlXR4E_JJdgBSPpiO4Oig,bad,American,2016-05-10
mYDGdf-BLQ4klyv3MB0dOQ,bad,American,2016-05-15
zA18hAv2HFR87Bwk4AWjNQ,bad,American,2016-05-22
toi6kFUQvwpHAMXte3Bu_g,bad,American,2016-05-26
F7g09kfg6zuAzw8psGpEWg,good,American,2016-05-30
4sVeFw4glhXinbuvpLwNSg,good,American,2016-06-02
BBKrOtLFSeLm7KOBdEokcw,bad,American,2016-07-01
CQH-g1MzZ-xywqWj4X2uJw,good,American,2016-07-13
fLXyoFTGVGhZz0JdmpDGOg,bad,American,2016-07-18
T_wjLgPOPXry7Bea4MzoVQ,good,American,2010-01-27
4DrkZqFqLcyRcLWuQUXFeQ,bad,American,2015-06-05
LPU8UwGVoTanjSOgKoYQ4Q,bad,American,2015-08-10
9mWJQbP8zNm-rT1MBhwLHQ,bad,American,2015-08-16
NorNYrCESas_guipKZd2bA,good,American,2016-01-02
NorNYrCESas_guipKZd2bA,good,American,2016-01-14
t-RTmnEVnmm8wgbvOkHa4A,good,American,2016-06-29
FLxgiNF9rsiXR-zbEcWBRQ,good,American,2009-01-06
6gAUg6gUBZT4bYCQztZxgA,good,American,2009-05-28
TckShYnQa0eD3WQxdoE3GQ,bad,American,2009-06-08
WMTm9HHRA3EewoxTX1Gleg,good,American,2009-06-24
xqk-h7HAGyUlVbvEUUf67Q,good,American,2009-07-01
Xmuk68liVfhyG-WfsUt_hg,good,American,2009-08-11
WgZoTeruB97OkN2-XPOUKA,good,American,2009-09-15
EjxE1dW0WVqOezpKqFN5kQ,good,American,2010-02-15
8GccAq9PTpIWlp0gnCHoRQ,bad,American,2010-04-02
-Gdjho_gZhgTXkYmSPy0qw,bad,American,2010-04-03
_vS9qNQvx8wVUOIkj4qfAg,good,American,2011-01-11
4q3czSXkHBPkW21RdzpJ2A,bad,American,2011-06-30
xeBOz-J1YEnmk95bFBqpBA,bad,American,2011-07-31
1zX6tmYdu9QZHTm4fVwp0w,good,American,2011-09-06
So32N7bSbUd1RwhFtI6jTQ,good,American,2012-05-12
So32N7bSbUd1RwhFtI6jTQ,bad,American,2012-05-24
rkmM0Ku4NmG6gE5DaaEntA,bad,American,2012-07-02
ulik60Aw4MMl3fKi78B_fg,bad,American,2012-07-04
-OUKIatcSXuF-40IHcarwA,good,American,2012-08-22
Bq-4Wan0Y2klBlgqWWaEjA,bad,American,2012-10-25
vJxXGprSf3ZQkvOfmldPFw,good,American,2012-12-21
Z3U9fnv8i9rA7yZYpGC66Q,good,American,2013-03-16
Z9RftMXzG39L-h4ubdu_Xw,good,American,2013-04-06
w0KBFGSbdsUtfaQid2Jzbg,good,American,2013-06-04
UodvaLoRqKx0XMgS2lfctw,good,American,2013-07-24
Q3fFv_ft17OyV-NRF1iQxw,good,American,2013-08-07
hkbwjnY42LDloMV84Yoy5g,bad,American,2013-12-19
n0UouedfuPP9Q65wO46kdg,good,American,2013-12-21
fVCwHdAELZAa_YuderbTdg,good,American,2014-01-20
aJf2Efw3pilH26zmSn2lPw,good,American,2014-01-29
roReLynNBIuqwH47ow77SQ,bad,American,2014-02-01
URwqYyZV2XwM-GoF_f6_MQ,good,American,2014-02-23
Nf0SSRgStO8scYoPSNVqag,good,American,2014-03-08
bvu13GyOUwhEjPum2xjiqQ,bad,American,2014-03-20
Br0hRNDvFXLz4AM51GwmMw,bad,American,2014-04-23
cFZWUEv28HKZIAr4ZMJoRA,bad,American,2014-04-26
IXqt0sAKos17htM32PfOkQ,bad,American,2014-05-04
N_cH3QA_eXXmnzz-nzEeKA,good,American,2014-05-20
xZEPhslvDx20A_YdS_FnNg,bad,American,2014-05-25
bpS6QV1eLwsGOJuZDJJd3w,bad,American,2014-06-01
5s0YP_ZMshAYPb0VdSfukw,bad,American,2014-08-24
gtJJBaQwTwE45NnNF0coVA,good,American,2014-09-03
JPPhyFE-UE453zA6K0TVgw,bad,American,2014-09-13
DLu1Bum8EXNE62xno-v0VA,bad,American,2014-10-11
KSS6v5fcZNoelu4eEZCFcw,good,American,2014-11-18
U3scIL7PBxkNfSeRNvU2HQ,good,American,2014-11-24
1PxFWRL7OL5uteROuWEHhA,good,American,2015-01-02
KOrggEZ4aa7JzVIuY-Zgkw,good,American,2015-02-09
7mXLDmZdgvAI_oQFH3K2QA,good,American,2015-02-23
ixtgA0NirLwnnP2ozDwePQ,good,American,2015-02-26
tvORlACAUAFXNEGVYVNWhg,good,American,2015-03-20
4DrkZqFqLcyRcLWuQUXFeQ,good,American,2015-03-21
zaF1gg4mD4Ws7ZsFGRNmlw,bad,American,2015-03-29
H59Avwt1dpFRpUEA5buOBA,bad,American,2015-03-30
RFBIkR3W31JgZVZPga4wSQ,bad,American,2015-04-07
hFjeZ8rTSRI5Ed1j_JvyWw,bad,American,2015-04-07
mQzza_VfJBR_XUudaM0z-w,bad,American,2015-04-26
GMtILOfAHXUMrfMgLPG0gg,bad,American,2015-04-26
kbEPuoJcz4kerURigtYldA,bad,American,2015-05-08
Qq99q_PUU96bml9KrHMIRw,bad,American,2015-06-14
0QM-yrlOP-curnqylbvkPQ,bad,American,2015-06-14
e_qZ1UWFHTzCmswlPsrxVA,good,American,2015-06-20
w6CJxE4f52ZiUMDVxTAZJA,bad,American,2015-06-21
nlxUSX8O5kfXDn5xGmRFMQ,good,American,2015-06-26
lAqoz5QTFxp3GDfpq0McRQ,good,American,2015-06-28
RxEegiMllenlyhYgJqsTSQ,good,American,2015-06-30
6xQnzz_TS0skNM1GIK8j8w,good,American,2015-08-25
JXyPdO0yzBpYvY5N0M-Qkw,bad,American,2015-08-30
RjSqoohsdPuKqZQ9RnG2Fg,bad,American,2015-10-16
jLOSvOEy5o8Ig-Qz7n674A,bad,American,2015-10-20
M8NTZswg0xPaPnnTuAWqvw,good,American,2015-10-20
fKscTESN0hSYQTrc0uP08w,good,American,2015-11-05
Lz43cIcUoEr1BvXx2gsNhA,bad,American,2015-12-27
-kekTrjzO6cvYzsVxLrhOg,good,American,2016-01-16
jNBYly4xdIP1gAsAZ9PGaw,bad,American,2016-01-24
VRB9nzZnYWB6WETk_QfIEQ,good,American,2016-02-01
jW38xpayJghah5L8i9FOww,bad,American,2016-02-14
5zDw3AUS9U6UQXrUo0TpxA,bad,American,2016-02-15
ybDa_s-9QI_lXCYjRdVYfA,bad,American,2016-03-02
G1OpOeHgc4g5LVBUOZjPHg,good,American,2016-03-09
dLI4KKtCrjuOM5sB-ByVBg,good,American,2016-04-02
y9Q2mHM8av_2fiqvvers-Q,good,American,2016-04-28
SKtk7khA3mYm7kuRf7yCLQ,good,American,2016-05-20
tOm1mQutc-UW9H4ME1HToQ,good,American,2016-05-26
rONxiM8Hafy5kba3ZLoCbA,good,American,2016-06-05
DKOTrzz9rCiAzZ7OZYQwXg,good,American,2016-06-17
t72PB0Q0zl0WQpzu-kSPiw,good,American,2016-07-11
Ld9fhPHSutVy9xT9qyC-WA,good,American,2016-07-12
8ya6uJ0S50J3K9GT-BvEDw,bad,American,2016-07-14
